fold,n_train_glycans,n_test_glycans,n_agents_evaluated,mrr,recall@5,auprc_lb,mean_rank
0,81,44,47,0.08734557333579139,0.19148936170212766,0.08883553832053054,25.851063829787233
1,104,21,57,0.19683380767175782,0.19298245614035087,0.19813915437184135,9.771929824561404
2,105,20,32,0.4865311771561771,0.5,0.4630936771561771,5.875
3,105,20,46,0.23127114776983532,0.2608695652173913,0.23316291897106947,9.797101449275363
4,105,20,34,0.39471035500447266,0.6029411764705882,0.3898083942201589,5.220588235294118
