mode,mrr,recall@5,auprc_lb,mean_rank
observed_mean,0.27933841218760685,0.3496565119060916,0.27460793660795546,11.303136667783622
observed_std,0.15985794388297,0.18987036022759357,0.15072704463128894,8.407094984368825
random_mean,0.17955431749589293,0.2198177507502465,0.17054636605836263,12.997705147419806
random_std,0.04846064413730605,0.08033800441373967,0.04546976597980976,4.853525522631119
permutation_mean,0.17867715283004923,0.2175010918253079,0.16928927387112228,13.08408777512222
permutation_std,0.07917325174994562,0.1332343903315884,0.0726065949187266,5.445426995424375
