{
  "timestamp": "2026-03-24T18:58:36.957450",
  "composition_by_source": {
    "targeted_sugarbind": {
      "n_glycans": 125,
      "size": {
        "n_atoms": {
          "mean": 111.264,
          "std": 48.460183855974364,
          "median": 99.0
        },
        "n_residues": {
          "mean": 4.672,
          "std": 1.7541471597515743,
          "median": 5.0
        }
      },
      "geometry": {
        "radius_of_gyration": {
          "mean": 5.7172480000000006,
          "std": 1.5005040478710543,
          "median": 5.43
        },
        "max_pair_distance": {
          "mean": 18.443104,
          "std": 5.470261305936472,
          "median": 17.891
        },
        "compactness": {
          "mean": 0.31381039999999993,
          "std": 0.022075624508025925,
          "median": 0.3107
        }
      },
      "topology": {
        "branch_proxy": {
          "mean": 0.864,
          "std": 1.1383632846073066,
          "median": 1.0
        },
        "terminal_proxy": {
          "mean": 1.904,
          "std": 0.8928388938227214,
          "median": 2.0
        }
      }
    },
    "carbogrove_glycoshape": {
      "n_glycans": 217,
      "size": {
        "n_atoms": {
          "mean": 129.27188940092165,
          "std": 86.2700046185034,
          "median": 99.0
        },
        "n_residues": {
          "mean": 6.207373271889401,
          "std": 3.397758113519266,
          "median": 5.0
        }
      },
      "geometry": {
        "radius_of_gyration": {
          "mean": 6.531244239631336,
          "std": 2.3035441755639363,
          "median": 5.904
        },
        "max_pair_distance": {
          "mean": 20.94952073732719,
          "std": 8.436051729794123,
          "median": 19.679
        },
        "compactness": {
          "mean": 0.3184225806451613,
          "std": 0.024110931837035648,
          "median": 0.3187
        }
      },
      "topology": {
        "branch_proxy": {
          "mean": 1.0599078341013826,
          "std": 1.5278603990134465,
          "median": 1.0
        },
        "terminal_proxy": {
          "mean": 2.557603686635945,
          "std": 0.7862532868595571,
          "median": 2.0
        }
      }
    }
  },
  "composition_statistical_comparisons": {
    "n_atoms": {
      "test": "Mann-Whitney U",
      "statistic": 13371.5,
      "p_value": 0.8286871980416879,
      "significant": false,
      "source_a": "targeted_sugarbind",
      "source_b": "carbogrove_glycoshape",
      "mean_a": 111.264,
      "mean_b": 129.27188940092165
    },
    "n_residues": {
      "test": "Mann-Whitney U",
      "statistic": 10565.5,
      "p_value": 0.00057867037967178,
      "significant": true,
      "source_a": "targeted_sugarbind",
      "source_b": "carbogrove_glycoshape",
      "mean_a": 4.672,
      "mean_b": 6.207373271889401
    },
    "radius_of_gyration": {
      "test": "Mann-Whitney U",
      "statistic": 11274.0,
      "p_value": 0.009364400229430981,
      "significant": true,
      "source_a": "targeted_sugarbind",
      "source_b": "carbogrove_glycoshape",
      "mean_a": 5.7172480000000006,
      "mean_b": 6.531244239631336
    },
    "max_pair_distance": {
      "test": "Mann-Whitney U",
      "statistic": 11765.5,
      "p_value": 0.04132397720115221,
      "significant": true,
      "source_a": "targeted_sugarbind",
      "source_b": "carbogrove_glycoshape",
      "mean_a": 18.443104,
      "mean_b": 20.94952073732719
    },
    "compactness": {
      "test": "Mann-Whitney U",
      "statistic": 11801.0,
      "p_value": 0.04550482980838802,
      "significant": true,
      "source_a": "targeted_sugarbind",
      "source_b": "carbogrove_glycoshape",
      "mean_a": 0.31381039999999993,
      "mean_b": 0.3184225806451613
    },
    "branch_proxy": {
      "test": "Mann-Whitney U",
      "statistic": 13259.5,
      "p_value": 0.7100810873333528,
      "significant": false,
      "source_a": "targeted_sugarbind",
      "source_b": "carbogrove_glycoshape",
      "mean_a": 0.864,
      "mean_b": 1.0599078341013826
    },
    "terminal_proxy": {
      "test": "Mann-Whitney U",
      "statistic": 8884.0,
      "p_value": 4.114995784325695e-09,
      "significant": true,
      "source_a": "targeted_sugarbind",
      "source_b": "carbogrove_glycoshape",
      "mean_a": 1.904,
      "mean_b": 2.557603686635945
    }
  },
  "agent_overlap": {
    "agents_per_source": {
      "ASNLinked": 14,
      "ASYMN": 11,
      "CEMAOGalNAc": 1,
      "CFG": 63,
      "FeiziCLL": 2,
      "GHMO": 5,
      "Man6P": 1,
      "Microbial": 12,
      "NCFG": 12,
      "NGGM-TM": 3,
      "PolyLacNAc": 4,
      "Schistosoma": 1,
      "SialoGlycanNGL": 1,
      "ZBiotech": 27,
      "sugarbind": 539
    },
    "total_unique_agents": 614,
    "shared_sugarbind_CFG": 0,
    "jaccard_sugarbind_CFG": 0.0,
    "shared_sugarbind_ASYMN": 0,
    "jaccard_sugarbind_ASYMN": 0.0,
    "shared_sugarbind_FeiziCLL": 0,
    "jaccard_sugarbind_FeiziCLL": 0.0,
    "shared_sugarbind_NCFG": 0,
    "jaccard_sugarbind_NCFG": 0.0,
    "shared_sugarbind_PolyLacNAc": 0,
    "jaccard_sugarbind_PolyLacNAc": 0.0,
    "shared_sugarbind_ZBiotech": 0,
    "jaccard_sugarbind_ZBiotech": 0.0,
    "shared_sugarbind_ASNLinked": 0,
    "jaccard_sugarbind_ASNLinked": 0.0,
    "shared_sugarbind_Microbial": 0,
    "jaccard_sugarbind_Microbial": 0.0,
    "shared_sugarbind_GHMO": 0,
    "jaccard_sugarbind_GHMO": 0.0,
    "shared_sugarbind_CEMAOGalNAc": 0,
    "jaccard_sugarbind_CEMAOGalNAc": 0.0,
    "shared_sugarbind_NGGM-TM": 0,
    "jaccard_sugarbind_NGGM-TM": 0.0,
    "shared_sugarbind_Man6P": 0,
    "jaccard_sugarbind_Man6P": 0.0,
    "shared_sugarbind_Schistosoma": 0,
    "jaccard_sugarbind_Schistosoma": 0.0,
    "shared_sugarbind_SialoGlycanNGL": 0,
    "jaccard_sugarbind_SialoGlycanNGL": 0.0,
    "shared_CFG_ASYMN": 9,
    "jaccard_CFG_ASYMN": 0.13846153846153847,
    "shared_CFG_FeiziCLL": 2,
    "jaccard_CFG_FeiziCLL": 0.031746031746031744,
    "shared_CFG_NCFG": 10,
    "jaccard_CFG_NCFG": 0.15384615384615385,
    "shared_CFG_PolyLacNAc": 4,
    "jaccard_CFG_PolyLacNAc": 0.06349206349206349,
    "shared_CFG_ZBiotech": 23,
    "jaccard_CFG_ZBiotech": 0.34328358208955223,
    "shared_CFG_ASNLinked": 11,
    "jaccard_CFG_ASNLinked": 0.16666666666666666,
    "shared_CFG_Microbial": 10,
    "jaccard_CFG_Microbial": 0.15384615384615385,
    "shared_CFG_GHMO": 3,
    "jaccard_CFG_GHMO": 0.046153846153846156,
    "shared_CFG_CEMAOGalNAc": 1,
    "jaccard_CFG_CEMAOGalNAc": 0.015873015873015872,
    "shared_CFG_NGGM-TM": 2,
    "jaccard_CFG_NGGM-TM": 0.03125,
    "shared_CFG_Man6P": 1,
    "jaccard_CFG_Man6P": 0.015873015873015872,
    "shared_CFG_Schistosoma": 1,
    "jaccard_CFG_Schistosoma": 0.015873015873015872,
    "shared_CFG_SialoGlycanNGL": 0,
    "jaccard_CFG_SialoGlycanNGL": 0.0,
    "shared_ASYMN_FeiziCLL": 2,
    "jaccard_ASYMN_FeiziCLL": 0.18181818181818182,
    "shared_ASYMN_NCFG": 4,
    "jaccard_ASYMN_NCFG": 0.21052631578947367,
    "shared_ASYMN_PolyLacNAc": 3,
    "jaccard_ASYMN_PolyLacNAc": 0.25,
    "shared_ASYMN_ZBiotech": 6,
    "jaccard_ASYMN_ZBiotech": 0.1875,
    "shared_ASYMN_ASNLinked": 5,
    "jaccard_ASYMN_ASNLinked": 0.25,
    "shared_ASYMN_Microbial": 3,
    "jaccard_ASYMN_Microbial": 0.15,
    "shared_ASYMN_GHMO": 1,
    "jaccard_ASYMN_GHMO": 0.06666666666666667,
    "shared_ASYMN_CEMAOGalNAc": 0,
    "jaccard_ASYMN_CEMAOGalNAc": 0.0,
    "shared_ASYMN_NGGM-TM": 1,
    "jaccard_ASYMN_NGGM-TM": 0.07692307692307693,
    "shared_ASYMN_Man6P": 0,
    "jaccard_ASYMN_Man6P": 0.0,
    "shared_ASYMN_Schistosoma": 0,
    "jaccard_ASYMN_Schistosoma": 0.0,
    "shared_ASYMN_SialoGlycanNGL": 0,
    "jaccard_ASYMN_SialoGlycanNGL": 0.0,
    "shared_FeiziCLL_NCFG": 2,
    "jaccard_FeiziCLL_NCFG": 0.16666666666666666,
    "shared_FeiziCLL_PolyLacNAc": 1,
    "jaccard_FeiziCLL_PolyLacNAc": 0.2,
    "shared_FeiziCLL_ZBiotech": 2,
    "jaccard_FeiziCLL_ZBiotech": 0.07407407407407407,
    "shared_FeiziCLL_ASNLinked": 1,