fold,n_train_glycans,n_test_glycans,n_agents_evaluated,mrr_mean,mrr_std,recall@5_mean,recall@5_std,mean_rank_mean
0,81,44,47,0.08734557333579139,0.10482101873161348,0.19148936170212766,0.3977271225536438,25.851063829787233
1,104,21,57,0.19683380767175782,0.22697644968328695,0.19298245614035087,0.36295397638327526,9.771929824561404
2,105,20,32,0.4865311771561771,0.4343125591833507,0.5,0.4918693768379647,5.875
3,105,20,46,0.23127114776983532,0.2701392252901958,0.2608695652173913,0.4077220275438869,9.797101449275363
4,105,20,34,0.39471035500447266,0.36023613004451005,0.6029411764705882,0.4889601174277281,5.220588235294118
