feature,n_glycans,n_with_multi_source,median_value,mean_value,std_value,median_bootstrap_std,mean_bootstrap_std,bootstrap_cv,icc_median,icc_fraction_above_0.7,spearman_rho_median,spearman_rho_fraction_above_0.7,R_median,R_fraction_above_0.5,ensemble_limited_fraction_pairs
n_atoms,125,0,99.0,111.264,48.265953880556424,4.186907521052873,4.570557939291524,0.0410784974411447,,,,,,,
n_residues,125,0,5.0,4.672,1.747116481520336,0.0,0.00849018118416214,0.0018172476849662115,,,,,,,
radius_of_gyration,125,0,5.43,5.7172480000000006,1.4944899793896245,0.17741346430223448,0.1763964347945995,0.03085338169598371,,,,,,,
max_pair_distance,125,0,17.891,18.443104,5.448336322693745,0.6985566941200743,0.6989971870978295,0.0379001922397569,,,,,,,
compactness,125,0,0.3107,0.31381039999999993,0.021987144695025773,0.00414184757879327,0.004631973751650323,0.014760421425326643,,,,,,,
branch_proxy,125,0,1.0,0.864,1.1338006879518112,0.1453691153519782,0.15091765409157726,0.17467321075414036,,,,,,,
terminal_proxy,125,0,2.0,1.904,0.8892603668217763,0.16548966706105264,0.1738483320859154,0.09130689710394717,,,,,,,
exposure_proxy,125,0,18.091,19.010328,2.7703230736533238,0.3955284115938258,0.5290651952080749,0.0278304085657057,,,,,,,
