Category,N_Glycans,n_atoms_mean,n_atoms_median,n_atoms_std,n_residues_mean,n_residues_median,n_residues_std,branch_proxy_mean,branch_proxy_median,branch_proxy_std,terminal_proxy_mean,terminal_proxy_median,terminal_proxy_std,compactness_mean,compactness_median,compactness_std,radius_of_gyration_mean,radius_of_gyration_median,radius_of_gyration_std,max_pair_distance_mean,max_pair_distance_median,max_pair_distance_std
Targeted Completion,125,111.264,99.0,48.46018385597437,4.672,5.0,1.7541471597515748,0.864,1.0,1.1383632846073066,1.904,2.0,0.8928388938227214,0.31381040000000004,0.3107,0.022075624508025922,5.717248,5.43,1.5005040478710543,18.443104,17.891,5.470261305936472
Direct,217,129.27188940092165,99.0,86.2700046185034,6.207373271889401,5.0,3.397758113519266,1.0599078341013826,1.0,1.5278603990134465,2.557603686635945,2.0,0.7862532868595571,0.3184225806451613,0.3187,0.024110931837035648,6.531244239631336,5.904,2.3035441755639363,20.94952073732719,19.679,8.436051729794123
