feature,n_glycans,median_value,mean_value,std_value,median_bootstrap_std,mean_bootstrap_std,icc_median,icc_fraction_above_0.7,R_median,R_fraction_ensemble_limited,spearman_rho_median
n_atoms,125,99.0,111.264,48.460183855974364,4.069333875378182,4.4767238803647045,,,,,
n_residues,125,5.0,4.672,1.7541471597515743,0.0,0.00831105790394119,,,,,
radius_of_gyration,125,5.43,5.7172480000000006,1.5005040478710543,0.17567489179797566,0.17484032377764863,,,,,
max_pair_distance,125,17.891,18.443104,5.470261305936472,0.6956688069143314,0.6967712857390982,,,,,
compactness,125,0.3107,0.31381039999999993,0.022075624508025925,0.004229042537414908,0.004621463796308937,,,,,
branch_proxy,125,1.0,0.864,1.1383632846073066,0.1264173417979916,0.15091657660714713,,,,,
terminal_proxy,125,2.0,1.904,0.8928388938227214,0.17025600025885332,0.17265653025424527,,,,,
exposure_proxy,125,18.091,19.010328,2.7814713000786635,0.40288474440624256,0.5200214329835419,,,,,
