mode,mrr,recall@5,auprc_lb,mean_rank
observed,0.6198571594195698,0.5365853658536586,0.4752382935712136,14.296747967479675
random_mean,0.08917702588802036,0.04032032520325203,0.057305813172257795,62.85791361788618
random_std,0.015248671403673676,0.011583562894684206,0.006722262080827502,2.073932499766318
permutation_mean,0.43339228779539235,0.3257952574525745,0.26857103263543325,23.621663685636857
permutation_std,0.06094800694369215,0.04571498958204741,0.03553488324953805,2.257417801635356
