mode,mrr,recall@5,auprc_lb,mean_rank
full,0.6198571594195698,0.5365853658536586,0.4752382935712136,14.296747967479675
residualized,0.6050522648083624,0.6010840108401084,0.507299908626925,10.450135501355014
