stratum,n_glycans,n_agents_evaluated,mrr_mean,mrr_std,recall@5_mean,recall@5_std,mean_rank_mean
small,61,93,0.4449502600699437,0.42104384739209855,0.48763440860215057,0.4369062791654448,14.283333333333333
medium,27,75,0.38913561681982733,0.34519154385067385,0.58,0.4917563668365915,6.506666666666667
large,37,58,0.7864365181809402,0.3224382346176959,0.8310344827586207,0.29733134482364965,3.4425287356321843
