{
  "full": {
    "mrr": 0.6198571594195698,
    "recall@5": 0.5365853658536586,
    "auprc_lb": 0.4752382935712136,
    "mean_rank": 14.296747967479675
  },
  "residualized": {
    "mrr": 0.6050522648083624,
    "recall@5": 0.6010840108401084,
    "auprc_lb": 0.507299908626925,
    "mean_rank": 10.450135501355014
  },
  "size_matched_null_mean": {
    "mrr": 0.47731090394015113,
    "recall@5": 0.3806578590785908,
    "auprc_lb": 0.312923914579084
  },
  "size_matched_null_std": {
    "mrr": 0.05999068221566838,
    "recall@5": 0.052782627186427296,
    "auprc_lb": 0.04006608555602495
  },
  "pvalues": {
    "mrr_vs_size_matched": 0.004975124378109453,
    "recall@5_vs_size_matched": 0.004975124378109453,
    "auprc_lb_vs_size_matched": 0.004975124378109453
  }
}